,Company,Open,High,Low,Close,Volume
2022-08-22,Apple Inc.,168.68927985776972,168.8582754867634,166.1543150852595,166.581787109375,69026800.0
2022-08-23,Apple Inc.,166.09466509080892,167.71505719124045,165.66719308281202,166.2437744140625,54147100.0
2022-08-24,Apple Inc.,166.33323915505275,167.1185734632123,165.2695421889627,166.5419921875,53841500.0
2022-08-25,Apple Inc.,167.78462403303894,169.1366040824696,167.35716722556936,169.02725219726562,51218200.0
2022-08-26,Apple Inc.,169.56408490295894,170.041249895646,162.59541608646745,162.65505981445312,78961000.0
2022-08-27,Apple Inc.,166.44259457965498,167.34059770747385,161.35610103732793,161.9127960205078,77078666.66666667
2022-08-28,Apple Inc.,163.32110425635105,164.63994551930173,160.1167859881884,161.1705322265625,75196333.33333333
2022-08-29,Apple Inc.,160.1996139330471,161.9392933311296,158.8774709390489,160.4282684326172,73314000.0
2022-08-30,Apple Inc.,161.173850769729,161.6013075838365,156.78985489774635,157.97283935546875,77906200.0
2022-08-31,Apple Inc.,159.3645896376838,159.63300159412105,156.21328613172787,156.29281616210938,87991100.0
2022-09-01,Apple Inc.,155.7162348928829,157.48573635551094,153.7578515041088,157.02845764160156,74229900.0
2022-09-02,Apple Inc.,158.80789533396975,159.41429854575298,154.05608597034484,154.89112854003906,76957800.0
2022-09-03,Apple Inc.,157.99273261274,158.60161972039833,153.7379745445848,154.57301712036133,76147050.0
2022-09-04,Apple Inc.,157.1775698915103,157.78894089504368,153.41986311882476,154.2549057006836,75336300.0
2022-09-05,Apple Inc.,156.36240717028056,156.97626206968903,153.10175169306476,153.93679428100586,74525550.0
2022-09-06,Apple Inc.,155.54724444905082,156.16358324433438,152.78364026730472,153.61868286132812,73714800.0
2022-09-07,Apple Inc.,153.90696114804027,155.74604172932004,152.70409041112038,155.0402374267578,87449600.0
2022-09-08,Apple Inc.,153.72803398009836,155.43789176039888,151.77958610180144,153.54910278320312,84923800.0
2022-09-09,Apple Inc.,154.55312105662077,156.88926806214405,153.83736602381367,156.44190979003906,68028800.0
2022-09-10,Apple Inc.,155.91835441820572,159.02327143986471,155.34509004196875,158.4499969482422,80337866.66666667
2022-09-11,Apple Inc.,157.2835877797907,161.15727481758535,156.85281406012385,160.4580841064453,92646933.33333333
2022-09-12,Apple Inc.,158.64882114137566,163.291278195306,158.36053807827892,162.46617126464844,104956000.0
2022-09-13,Apple Inc.,158.95701440389433,159.59323952010473,152.4655250377967,152.93275451660156,122656600.0
2022-09-14,Apple Inc.,153.87713588335606,156.17352564761967,152.70410208796778,154.39407348632812,87965400.0
2022-09-15,Apple Inc.,153.73797318184685,154.324505290526,150.4872683442811,151.47142028808594,90481100.0
2022-09-16,Apple Inc.,150.31826608989283,150.4574398520197,147.4950030786299,149.81126403808594,162278800.0
2022-09-17,Apple Inc.,149.68866437994382,151.52112648703277,147.73690468665146,151.06383260091147,135343933.33333334
2022-09-18,Apple Inc.,149.05906266999483,152.5848131220459,147.97880629467303,152.31640116373697,108409066.66666666
2022-09-19,Apple Inc.,148.42946096004582,153.64849975705897,148.22070790269458,153.5689697265625,81474200.0
2022-09-20,Apple Inc.,152.49532670732881,157.14773457806697,152.1772217757577,155.9746856689453,107689800.0
2022-09-21,Apple Inc.,156.41210805993703,157.80386087788722,152.6941738391562,152.81346130371094,101696800.0
2022-09-22,Apple Inc.,151.4813710860203,153.55904204469962,150.02003893432834,151.83924865722656,86652500.0
2022-09-23,Apple Inc.,150.29837436292604,150.57672187712913,147.68387967365933,149.5428466796875,96029900.0
2022-09-24,Apple Inc.,149.79138452100034,151.33887035038242,148.04175929479678,149.655517578125,95133066.66666667
2022-09-25,Apple Inc.,149.28439467907467,152.1010188236357,148.39963891593422,149.7681884765625,94236233.33333333
2022-09-26,Apple Inc.,148.77740483714896,152.863167296889,148.75751853707166,149.880859375,93339400.0
2022-09-27,Apple Inc.,151.83925232246676,153.8075714272128,149.06569728646676,150.86502075195312,84442700.0
2022-09-28,Apple Inc.,146.76929163348552,149.75159911601543,143.9858016160309,148.95631408691406,146691400.0
2022-09-29,Apple Inc.,145.2384018641143,145.85474064729044,139.8503522033331,141.63973999023438,128138200.0
2022-09-30,Apple Inc.,140.44681714231157,142.25609119434162,137.18616175752106,137.38497924804688,124925300.0
2022-10-01,Apple Inc.,139.42952430949194,142.24615356133938,137.08344150529916,138.79329427083334,121387433.33333333
2022-10-02,Apple Inc.,138.41223147667228,142.23621592833717,136.98072125307723,140.20160929361978,117849566.66666667
2022-10-03,Apple Inc.,137.39493864385264,142.22627829533494,136.87800100085533,141.60992431640625,114311700.0
2022-10-04,Apple Inc.,144.17469105610752,145.35767551304633,143.4092278482999,145.23838806152344,87830100.0
2022-10-05,Apple Inc.,143.220360264566,146.51083724600878,142.16659883003666,145.53660583496094,79471000.0
2022-10-06,Apple Inc.,144.9501057820799,146.6698991289563,144.36358885580452,144.5723419189453,68402200.0
2022-10-07,Apple Inc.,141.6993882350486,142.25609847332984,138.62761461816123,139.2638397216797,85925600.0
2022-10-08,Apple Inc.,140.99688829927717,141.85513914764567,138.33601230458626,139.3731892903646,82250066.66666667
2022-10-09,Apple Inc.,140.2943883635058,141.4541798219615,138.04440999101126,139.48253885904947,78574533.33333333
2022-10-10,Apple Inc.,139.59188842773438,141.05322049627733,137.7528076774363,139.59188842773438,74899000.0
2022-10-11,Apple Inc.,139.0749424101852,140.51640326068497,137.4048573864025,138.16036987304688,77033700.0
2022-10-12,Apple Inc.,138.30948889206942,139.53223074821074,137.3452082311643,137.52413940429688,70433700.0
2022-10-13,Apple Inc.,134.1939081474954,142.74318094195408,133.57755425418063,142.146728515625,113224000.0
2022-10-14,Apple Inc.,143.45894005117427,143.6677082660222,137.37503715128264,137.5639190673828,88598000.0
2022-10-15,Apple Inc.,142.38531537462353,143.13089234244777,138.0642850607358,138.89933268229166,87482300.0
2022-10-16,Apple Inc.,141.31169069807277,142.59407641887336,138.753532970189,140.23474629720053,86366600.0
2022-10-17,Apple Inc.,140.23806602152203,142.05726049529892,139.44278087964219,141.57015991210938,85250900.0
2022-10-18,Apple Inc.,144.63199622376135,145.83485190424906,139.78077056471744,142.90225219726562,99136600.0
2022-10-19,Apple Inc.,140.85439591772297,144.09516484314776,140.66551400194888,143.0115966796875,61758300.0
2022-10-20,Apple Inc.,142.17655944712342,145.02962908215443,141.80873116685106,142.54437255859375,64522000.0
2022-10-21,Apple Inc.,142.02742886267407,146.97807056680443,141.80872508447706,146.4014892578125,86548600.0
2022-10-22,Apple Inc.,143.45893675413137,147.76671955371077,142.91880609288197,147.12386576334634,83026366.66666667
2022-10-23,Apple Inc.,144.89044464558867,148.55536854061708,144.02888710128684,147.84624226888022,79504133.33333333
2022-10-24,Apple Inc.,146.32195253704597,149.34401752752342,145.13896810969175,148.56861877441406,75981900.0
2022-10-25,Apple Inc.,149.20485846245998,151.59071384961732,148.47916779777063,151.44158935546875,74732300.0
2022-10-26,Apple Inc.,150.06972874670515,151.09365316737305,147.16693593041032,148.46922302246094,88194300.0
2022-10-27,Apple Inc.,147.1967799449892,148.17099625023823,143.2800132558345,143.94606018066406,109180200.0
2022-10-28,Apple Inc.,147.3260061659938,156.5711636232206,146.94825748283125,154.82154846191406,164762400.0
2022-10-29,Apple Inc.,148.9695935318909,155.49090940392276,148.30686348677364,154.0262654622396,142489333.33333334
2022-10-30,Apple Inc.,150.61318089778797,154.41065518462491,149.66546949071605,153.2309824625651,120216266.66666666
2022-10-31,Apple Inc.,152.25676826368507,153.33040096532707,151.02407549465843,152.43569946289062,97943200.0
2022-11-01,Apple Inc.,154.16544902484412,154.5332621709927,148.250540974859,149.76156616210938,80379300.0
2022-11-02,Apple Inc.,148.07157822100177,151.2725897845585,144.14487601168517,144.17469787597656,93604600.0
2022-11-03,Apple Inc.,141.22221311216924,141.95785449789213,137.93173592890952,138.06097412109375,97918500.0
2022-11-04,Apple Inc.,141.4863442652948,142.06388202909318,133.80910777144902,137.7921142578125,140814800.0
2022-11-05,Apple Inc.,139.83339972778998,140.8955338037219,134.23728045828292,137.97134908040366,121668066.66666667
2022-11-06,Apple Inc.,138.1804551902852,139.72718557835057,134.66545314511686,138.15058390299478,102521333.33333334
2022-11-07,Apple Inc.,136.52751065278036,138.55883735297928,135.09362583195076,138.32981872558594,83374600.0
2022-11-08,Apple Inc.,139.81350159651424,140.82915740359348,136.90590841933505,138.90736389160156,89908500.0
2022-11-09,Apple Inc.,137.91161113901825,137.96140176306002,134.01821832601487,134.29702758789062,74917800.0
2022-11-10,Apple Inc.,140.63997620935567,146.2460479736328,138.9073627737481,146.2460479736328,118854000.0
2022-11-11,Apple Inc.,145.2005196296357,149.37270647368672,143.75666751500694,149.06402587890625,93979700.0
2022-11-12,Apple Inc.,146.2460550891191,149.4623237330153,144.77233165768504,148.59270222981772,87111166.66666667
2022-11-13,Apple Inc.,147.2915905486025,149.55194099234384,145.78799580036318,148.12137858072916,80242633.33333333
2022-11-14,Apple Inc.,148.3371260080859,149.64155825167242,146.80365994304128,147.65005493164062,73374100.0
2022-11-15,Apple Inc.,151.5733191551412,152.9374940695624,147.9288644268723,149.40257263183594,89868300.0
2022-11-16,Apple Inc.,148.4964498019785,149.23329630566616,146.66425520159535,148.1578826904297,64218300.0
2022-11-17,Apple Inc.,145.80791337597523,150.83646247349148,145.52910411694936,150.07969665527344,80389400.0
2022-11-18,Apple Inc.,151.66294888657788,152.05129146714484,149.33289340317629,150.64727783203125,74829600.0
2022-11-19,Apple Inc.,150.94932266275916,151.2779174952065,148.58607352795497,149.55858357747397,69461100.0
2022-11-20,Apple Inc.,150.2356964389404,150.5045435232682,147.83925365273367,148.46988932291666,64092600.0
2022-11-21,Apple Inc.,149.5220702151217,149.73116955132988,147.09243377751235,147.38119506835938,58724100.0
2022-11-22,Apple Inc.,147.50068313143,149.7809475136407,146.30576910679878,149.54196166992188,51804100.0
2022-11-23,Apple Inc.,148.81509450553884,151.1849885088291,148.70556120637923,150.42822265625,58301400.0
2022-11-24,Apple Inc.,148.24750785885766,149.71624772044717,147.60026777632626,148.95449829101562,46748650.0
2022-11-25,Apple Inc.,147.6799212121765,148.24750693206525,146.4949743462733,147.48077392578125,35195900.0
2022-11-26,Apple Inc.,146.62774396528786,147.50401025504993,145.2536069277535,146.18961588541666,46545933.333333336
2022-11-27,Apple Inc.,145.5755667183992,146.76051357803465,144.01223950923372,144.8984578450521,57895966.66666667
2022-11-28,Apple Inc.,144.52338947151054,146.01701690101933,142.77087209071394,143.6072998046875,69246000.0
2022-11-29,Apple Inc.,143.67700718894477,144.19480233115186,139.75375822434978,140.5702667236328,83763800.0
2022-11-30,Apple Inc.,140.7992698334425,148.0881788215148,139.95289009179822,147.40110778808594,111380900.0
2022-12-01,Apple Inc.,147.5803655873785,148.49645532465777,145.9871567957836,147.679931640625,71250400.0
2022-12-02,Apple Inc.,145.3399211304143,147.37124786153967,145.03122534831445,147.1820526123047,65447400.0
2022-12-03,Apple Inc.,145.9406928986597,148.34044800321755,145.07106122826323,146.79039510091147,66573733.333333336
2022-12-04,Apple Inc.,146.54146466690514,149.3096481448954,145.110897108212,146.39873758951822,67700066.66666667
2022-12-05,Apple Inc.,147.14223643515055,150.27884828657326,145.15073298816077,146.007080078125,68826400.0
2022-12-06,Apple Inc.,146.44520220755183,146.6742208323492,141.31707210246435,142.30287170410156,64727200.0
2022-12-07,Apple Inc.,141.58593718829042,142.76091690562077,139.4052385260274,140.34124755859375,69721100.0
2022-12-08,Apple Inc.,141.75521451855485,142.91029015257863,140.50057282957653,142.04397583007812,62128300.0
2022-12-09,Apple Inc.,141.7352887981799,144.9515776259649,140.30140396500693,141.55606079101562,76097000.0
2022-12-10,Apple Inc.,141.8547827977178,144.59642740876586,140.35451549159592,142.32943216959634,74218900.0
2022-12-11,Apple Inc.,141.9742767972557,144.2412771915668,140.40762701818494,143.1028035481771,72340800.0
2022-12-12,Apple Inc.,142.0937707967936,143.88612697436778,140.46073854477393,143.8761749267578,70462700.0
2022-12-13,Apple Inc.,148.86486756940405,149.33287204751394,143.62721950468213,144.85198974609375,93886200.0
2022-12-14,Apple Inc.,144.73251631608284,146.03694861784805,140.56031424349834,142.6016082763672,82291200.0
2022-12-15,Apple Inc.,140.51052085533328,141.1975919489063,135.45210047307742,135.92010498046875,98931900.0
2022-12-16,Apple Inc.,136.10929941726744,137.06521252037282,133.16186776243538,133.9385528564453,160156900.0
2022-12-17,Apple Inc.,135.58487055607668,136.25201729363837,132.36195203327281,133.2282511393229,133302133.33333333
2022-12-18,Apple Inc.,135.06044169488595,135.43882206690395,131.56203630411022,132.51794942220053,106447366.66666666
2022-12-19,Apple Inc.,134.5360128336952,134.6256268401695,130.76212057494766,131.80764770507812,79592600.0
2022-12-20,Apple Inc.,130.83180791393468,132.68390657976732,129.33818044774594,131.73794555664062,77432800.0
2022-12-21,Apple Inc.,132.41504971246266,136.22878034227125,132.18603108805138,134.8745574951172,85928000.0
2022-12-22,Apple Inc.,133.7792318466264,133.98833117136377,129.74643487880792,131.66822814941406,77852100.0
2022-12-23,Apple Inc.,130.3638109159962,131.85743846800435,129.0892499537998,131.29981994628906,63814900.0
2022-12-24,Apple Inc.,130.47832594970495,131.60601444802947,128.86022939622234,130.84426498413086,65113125.0
2022-12-25,Apple Inc.,130.59284098341374,131.3545904280546,128.6312088386449,130.38871002197266,66411350.0
2022-12-26,Apple Inc.,130.7073560171225,131.10316640807972,128.40218828106748,129.93315505981445,67709575.0
2022-12-27,Apple Inc.,130.82187105083125,130.85174238810484,128.17316772349002,129.47760009765625,69007800.0
2022-12-28,Apple Inc.,129.11911526196144,130.47333812032483,125.33526353169624,125.5045394897461,85438400.0
2022-12-29,Apple Inc.,127.44626660859738,129.92568638277834,127.18737661884794,129.05938720703125,75703700.0
2022-12-30,Apple Inc.,127.86447439683816,129.39792526896935,126.88863442668149,129.3780059814453,77034200.0
2022-12-31,Apple Inc.,128.32998662499756,129.63441506880886,126.07709585518921,128.16816902160645,85805025.0
2023-01-01,Apple Inc.,128.79549885315694,129.87090486864838,125.26555728369692,126.95833206176758,94575850.0
2023-01-02,Apple Inc.,129.26101108131635,130.10739466848793,124.45401871220463,125.74849510192871,103346675.0
2023-01-03,Apple Inc.,129.72652330947574,130.34388446832745,123.64248014071235,124.53865814208984,112117500.0
2023-01-04,Apple Inc.,126.35093598132241,128.113420791726,124.54862778719938,125.82318878173828,89113600.0
2023-01-05,Apple Inc.,126.5899053156845,127.22718576788331,124.22997875259844,124.4888687133789,80962700.0
2023-01-06,Apple Inc.,125.47467913806167,129.736487781372,124.35943445209462,129.0693359375,87754700.0
2023-01-07,Apple Inc.,126.9550275087136,130.77207073776722,126.01901845018405,129.24524943033853,82100066.66666667
2023-01-08,Apple Inc.,128.43537587936552,131.80765369416247,127.6786024482735,129.4211629231771,76445433.33333333
2023-01-09,Apple Inc.,129.91572425001743,132.84323665055769,129.33818644636293,129.59707641601562,70790800.0
2023-01-10,Apple Inc.,129.70661704560004,130.70236879222546,127.57570891558026,130.17462158203125,63896200.0
2023-01-11,Apple Inc.,130.69240810406382,132.94280143282833,129.905770961582,132.9228973388672,69458900.0
2023-01-12,Apple Inc.,133.3112356919358,133.68961098683528,130.88159923621615,132.84323120117188,71379600.0
2023-01-13,Apple Inc.,131.46908703443353,134.34680864921802,131.10066379188584,134.18748474121094,57809700.0
2023-01-14,Apple Inc.,132.16611597688023,134.9367923529835,131.7155427581153,134.4812355041504,59268925.0
2023-01-15,Apple Inc.,132.86314491932697,135.526776056749,132.33042172434475,134.77498626708984,60728150.0
2023-01-16,Apple Inc.,133.5601738617737,136.11675976051447,132.9453006905742,135.0687370300293,62187375.0
2023-01-17,Apple Inc.,134.2572028042204,136.70674346427995,133.56017965680365,135.36248779296875,63646600.0
2023-01-18,Apple Inc.,136.2387503914665,138.0211391903062,134.4563463986622,134.63558959960938,69672800.0
2023-01-19,Apple Inc.,133.51038088352968,135.67116010560565,133.20170030808515,134.69532775878906,58280400.0
2023-01-20,Apple Inc.,134.70527818623475,137.4336430998879,133.64978389812455,137.28427124023438,80223600.0
2023-01-21,Apple Inc.,135.6479272553593,139.19281093126793,134.8712421972189,138.35969034830728,80735833.33333333
2023-01-22,Apple Inc.,136.59057632448386,140.951978762648,136.09270049631326,139.43510945638022,81248066.66666667
2023-01-23,Apple Inc.,137.5332253936084,142.71114659402804,137.3141587954076,140.51052856445312,81760300.0
2023-01-24,Apple Inc.,139.71392935201803,142.55182799308326,139.7039773040793,141.92449951171875,66435100.0
2023-01-25,Apple Inc.,140.29145909450676,141.82491005655703,138.2202936955285,141.25733947753906,65799300.0
2023-01-26,Apple Inc.,142.56176685005863,143.6371804926206,141.29715795640269,143.34841918945312,54105100.0
2023-01-27,Apple Inc.,142.55182196981434,146.60452362871524,142.47216000777163,145.31004333496094,70555800.0
2023-01-28,Apple Inc.,143.1492701465892,146.0469011956951,142.39581663908066,144.3375244140625,68375633.33333333
2023-01-29,Apple Inc.,143.7467183233641,145.48927876267499,142.31947327038966,143.36500549316406,66195466.666666664
2023-01-30,Apple Inc.,144.34416650013895,144.93165632965486,142.2431299016987,142.39248657226562,64015300.0
2023-01-31,Apple Inc.,142.09376044245727,143.7267925754783,141.67554656382606,143.677001953125,65874500.0
2023-02-01,Apple Inc.,143.35837531450053,145.98715922866535,140.71963935303475,144.81216430664062,77663600.0
2023-02-02,Apple Inc.,148.26741891841777,150.5377315309119,147.5405244470927,150.1792755126953,118339000.0
2023-02-03,Apple Inc.,147.4011136222281,156.71139750656187,147.20196633360388,153.8436279296875,154357300.0
2023-02-04,Apple Inc.,148.90802455824686,155.2907962122567,148.18112500642016,152.9242197672526,126190966.66666667
2023-02-05,Apple Inc.,150.4149354942656,153.87019491795152,149.16028367923644,152.00481160481772,98024633.33333334
2023-02-06,Apple Inc.,151.92184643028435,152.44959362364636,150.13944235205273,151.0854034423828,69858300.0
2023-02-07,Apple Inc.,150.00003731968235,154.57053403217844,150.00003731968235,153.9929962158203,83322600.0
2023-02-08,Apple Inc.,153.226277194696,153.92330034925388,150.52778338937847,151.27459716796875,64120100.0
2023-02-09,Apple Inc.,153.12670624374203,153.67437275699615,149.78097968291334,150.22906494140625,56007100.0
2023-02-10,Apple Inc.,149.05227830908004,150.92713930245992,148.81292755332043,150.59803771972656,57450700.0
2023-02-11,Apple Inc.,149.5475905376817,151.89782056546855,149.37805105232783,151.54212951660156,59033466.666666664
2023-02-12,Apple Inc.,150.0429027662834,152.86850182847718,149.94317455133526,152.48622131347656,60616233.333333336
2023-02-13,Apple Inc.,150.53821499488507,153.8391830914858,150.50829805034266,153.43031311035156,62199000.0
2023-02-14,Apple Inc.,151.70501834189514,153.35052634347124,150.4484610456437,152.78207397460938,61707600.0
2023-02-15,Apple Inc.,152.69232014892478,155.07579967674903,152.46295184429226,154.90626525878906,65573800.0
2023-02-16,Apple Inc.,153.0912133655665,155.90352760185687,152.93166141673467,153.29067993164062,68167900.0
2023-02-17,Apple Inc.,151.9343987365603,152.58261946441303,150.43849070259546,152.13385009765625,59144100.0
2023-02-18,Apple Inc.,151.39836413542764,152.15878101946672,149.83015553710092,151.11912536621094,59074875.0
2023-02-19,Apple Inc.,150.86232953429501,151.7349425745204,149.22182037160638,150.10440063476562,59005650.0
2023-02-20,Apple Inc.,150.3262949331624,151.31110412957406,148.61348520611185,149.0896759033203,58936425.0
2023-02-21,Apple Inc.,149.79026033202973,150.88726568462775,148.0051500406173,148.074951171875,58867200.0
2023-02-22,Apple Inc.,148.46386952150402,149.54092504771984,146.7585430178673,148.50376892089844,51011300.0
2023-02-23,Apple Inc.,149.6805517596547,149.92986976120673,146.83833567225952,148.992431640625,48394200.0
2023-02-24,Apple Inc.,146.70868665446164,146.78847024167726,145.32247916306235,146.30978393554688,55469600.0
2023-02-25,Apple Inc.,146.90814473089122,147.4466700117856,145.89757291281623,146.7120157877604,51979233.333333336
2023-02-26,Apple Inc.,147.10760280732077,148.10486978189397,146.47266666257013,147.11424763997397,48488866.666666664
2023-02-27,Apple Inc.,147.30706088375035,148.76306955200232,147.047760412324,147.5164794921875,44998500.0
2023-02-28,Apple Inc.,146.64885499581445,148.67331599852525,146.4294539319298,147.00787353515625,50547000.0
2023-03-01,Apple Inc.,146.4294625715615,146.82836532007133,144.61442006636352,144.91360473632812,55479000.0
2023-03-02,Apple Inc.,143.98615302876476,146.3097988859307,143.50745145655588,145.51197814941406,52238100.0
2023-03-03,Apple Inc.,147.63614731365107,150.69777980573255,146.92809268107115,150.6179962158203,70732300.0
2023-03-04,Apple Inc.,149.5475883648339,152.42306426780007,148.96585647516918,151.54878743489584,76340866.66666667
2023-03-05,Apple Inc.,151.45902941601673,154.14834872986756,151.00362026926723,152.47957865397134,81949433.33333333
2023-03-06,Apple Inc.,153.37047046719957,155.87363319193508,153.04138406336526,153.41036987304688,87558000.0
2023-03-07,Apple Inc.,153.28070929438476,153.60981089319313,150.71772806802431,151.1864471435547,56182000.0
2023-03-08,Apple Inc.,152.3931385242488,153.05134172504253,151.4158161824775,152.45297241210938,47204800.0
2023-03-09,Apple Inc.,153.14108296077163,154.11840524130238,149.82016543813046,150.17918395996094,53833600.0
2023-03-10,Apple Inc.,149.8002362524736,150.528240563511,147.20732292342737,148.0948944091797,68572400.0
2023-03-11,Apple Inc.,149.00241659070252,151.2595733914375,147.23724086044112,148.74977111816406,73867300.0
2023-03-12,Apple Inc.,148.2045969289314,151.99090621936398,147.26715879745484,149.40464782714844,79162200.0
2023-03-13,Apple Inc.,147.40677726716032,152.7222390472905,147.2970767344686,150.0595245361328,84457100.0
2023-03-14,Apple Inc.,150.8673126376957,152.9815244880126,149.69053893751212,152.17373657226562,73695900.0
2023-03-15,Apple Inc.,150.77755447086528,152.83193233372094,149.51101478386832,152.57264709472656,77167900.0
2023-03-16,Apple Inc.,151.7449142739004,156.03318700498858,151.22632856249444,155.4248504638672,76161100.0
2023-03-17,Apple Inc.,155.65421930810345,156.31242249596173,153.85912662174613,154.57716369628906,98944600.0
2023-03-18,Apple Inc.,155.3184732492155,156.67144140275298,153.81591023847545,155.3749796549479,90510200.0
2023-03-19,Apple Inc.,154.98272719032755,157.03046030954422,153.7726938552048,156.17279561360678,82075800.0
2023-03-20,Apple Inc.,154.6469811314396,157.38947921633547,153.72947747193413,156.97061157226562,73641400.0
2023-03-21,Apple Inc.,156.89084482284986,158.96515727740248,156.11295863093798,158.84548950195312,73938300.0
2023-03-22,Apple Inc.,158.86543566533695,161.69768454709222,157.37949487889298,157.39944458007812,75701800.0
2023-03-23,Apple Inc.,158.39672662423814,161.1093079048931,157.24985459953731,158.49644470214844,67622100.0
2023-03-24,Apple Inc.,158.42662824205357,159.90258651994483,157.41938901477016,159.81283569335938,59196500.0
2023-03-25,Apple Inc.,158.78564572208265,160.0455304266326,157.4260328125846,159.157958984375,56927766.666666664
2023-03-26,Apple Inc.,159.14466320211176,160.18847433332036,157.43267661039906,158.50308227539062,54659033.333333336
2023-03-27,Apple Inc.,159.50368068214084,160.33141824000813,157.4393204082135,157.84820556640625,52390300.0
2023-03-28,Apple Inc.,157.53905927142972,158.05764497294,155.55448251055446,157.2199249267578,45992200.0
2023-03-29,Apple Inc.,158.93523099254307,160.6106558361838,158.91529650924892,160.3314208984375,51305700.0
2023-03-30,Apple Inc.,161.08934614798125,162.02678426974174,160.83006090421986,161.91708374023438,49501700.0
2023-03-31,Apple Inc.,161.99686889563043,164.5498828247101,161.46831594393018,164.4501495361328,68749800.0
2023-04-01,Apple Inc.,162.6052056999579,164.97870782868,162.23621485064746,164.87232971191406,64825266.666666664
2023-04-02,Apple Inc.,163.21354250428539,165.40753283264988,163.00411375736476,165.2945098876953,60900733.333333336
2023-04-03,Apple Inc.,163.82187930861286,165.83635783661978,163.77201266408204,165.71669006347656,56976200.0
2023-04-04,Apple Inc.,166.14553199962918,166.38486755607673,164.65959114563967,165.1781768798828,46278300.0
2023-04-05,Apple Inc.,164.29060048990766,164.59975238594717,161.3586182728713,163.31326293945312,51511700.0
2023-04-06,Apple Inc.,161.98690290780667,164.5100153674671,161.55808320108,164.21083068847656,45390100.0
2023-04-07,Apple Inc.,161.73508859195448,163.77950707003393,161.07938860238568,163.55511856079102,45971800.0
2023-04-08,Apple Inc.,161.48327427610232,163.04899877260073,160.60069400369136,162.89940643310547,46553500.0
2023-04-09,Apple Inc.,161.23145996025016,162.31849047516755,160.12199940499704,162.24369430541992,47135200.0
2023-04-10,Apple Inc.,160.97964564439798,161.58798217773438,159.64330480630272,161.58798217773438,47716900.0
2023-04-11,Apple Inc.,161.90711805363685,161.91708529562848,160.0721259772354,160.36134338378906,47644200.0
2023-04-12,Apple Inc.,160.78020892369992,161.61791383424827,159.34413466723723,159.66326904296875,50133100.0
2023-04-13,Apple Inc.,161.18908093947846,165.3477034233356,160.97964712040562,165.1083526611328,68445600.0
2023-04-14,Apple Inc.,164.14100409752754,165.86629571131851,163.37311557051947,164.7593231201172,49386500.0
2023-04-15,Apple Inc.,164.30721394000082,165.55713656536662,163.4429196209244,164.7659657796224,46763066.666666664
2023-04-16,Apple Inc.,164.4734237824741,165.24797741941475,163.51272367132933,164.7726084391276,44139633.333333336
2023-04-17,Apple Inc.,164.63963362494738,164.93881827346286,163.58252772173427,164.7792510986328,41516200.0
2023-04-18,Apple Inc.,165.64689859925232,166.95332258949836,165.1981139894548,166.01588439941406,49923000.0
2023-04-19,Apple Inc.,165.34770460362859,167.7012671886846,165.08840413843376,167.17271423339844,47720200.0
2023-04-20,Apple Inc.,165.6369188546547,167.4120619690418,165.10836586088578,166.1953887939453,52456400.0
2023-04-21,Apple Inc.,164.5997564219433,165.99593121802175,164.04128650351194,164.56983947753906,58337300.0
2023-04-22,Apple Inc.,164.58313126662014,165.7133708941196,163.84182714262667,164.67288716634116,52874733.333333336
2023-04-23,Apple Inc.,164.56650611129695,165.43081057021746,163.64236778174143,164.77593485514322,47412166.666666664
2023-04-24,Apple Inc.,164.54988095597378,165.1482502463153,163.44290842085616,164.8789825439453,41949600.0
2023-04-25,Apple Inc.,164.73936662300179,165.85630641051569,163.28334278528118,163.3232421875,48714100.0
2023-04-26,Apple Inc.,162.61517555853104,164.82912069314364,162.35589030766388,163.31326293945312,45498800.0
2023-04-27,Apple Inc.,164.73937477582913,168.10017676383075,164.73937477582913,167.95059204101562,64902300.0
2023-04-28,Apple Inc.,168.03037633025767,169.38666695235054,167.42203975967564,169.2171173095703,55209200.0
2023-04-29,Apple Inc.,168.29298862292234,169.5861178659484,167.67467973915936,169.18719991048178,54297100.0
2023-04-30,Apple Inc.,168.55560091558698,169.78556877954625,167.92731971864305,169.15728251139322,53385000.0
2023-05-01,Apple Inc.,168.81821320825165,169.98501969314412,168.17995969812677,169.1273651123047,52472900.0
2023-05-02,Apple Inc.,169.62600548993623,169.8853059713339,167.08295862668888,168.08023071289062,48425700.0
2023-05-03,Apple Inc.,169.03760523848953,170.4537296628055,166.703992393511,166.99319458007812,65136000.0
2023-05-04,Apple Inc.,164.44018404024763,166.58431281295654,163.8617644381168,165.3377227783203,81235400.0
2023-05-05,Apple Inc.,170.51356574360037,173.82451615472047,170.29416468179537,173.0965118408203,113316400.0
2023-05-06,Apple Inc.,171.01219914473438,173.67492373651493,170.7429365164738,173.07323710123697,94198533.33333333
2023-05-07,Apple Inc.,171.51083254586842,173.52533131830938,171.19170835115227,173.04996236165366,75080666.66666666
2023-05-08,Apple Inc.,172.00946594700244,173.37573890010384,171.6404801858307,173.0266876220703,55962800.0
2023-05-09,Apple Inc.,172.57792910959586,173.06658266892038,171.13188769884806,171.30142211914062,45326900.0
2023-05-10,Apple Inc.,172.54801238745625,173.5552516683105,171.43105735650065,173.08653259277344,53724500.0
2023-05-11,Apple Inc.,173.3757495258057,174.1137210933773,171.7003245925906,173.27601623535156,49514700.0
2023-05-12,Apple Inc.,173.38585205810793,173.82526111441723,170.76939025326212,172.3372802734375,45497800.0
2023-05-13,Apple Inc.,173.23273249588306,173.54231707391594,170.92585014804462,172.17084248860678,42754100.0
2023-05-14,Apple Inc.,173.0796129336582,173.25937303341465,171.08231004282712,172.00440470377603,40010400.0
2023-05-15,Apple Inc.,172.92649337143334,172.97642899291336,171.23876993760962,171.8379669189453,37266700.0
2023-05-16,Apple Inc.,171.75807297221974,172.90651607519888,171.56832675352302,171.8379669189453,42110300.0
2023-05-17,Apple Inc.,171.47844864012495,172.69678940031352,170.19017972528925,172.45712280273438,57951600.0
2023-05-18,Apple Inc.,172.76669586509925,175.00368053431094,172.3472640967867,174.81393432617188,65496700.0
2023-05-19,Apple Inc.,176.15213466613238,176.15213466613238,174.7040930618688,174.92379760742188,55772400.0
2023-05-20,Apple Inc.,175.34987914492373,175.59288797860805,174.20809006594203,174.6042226155599,51705233.333333336
2023-05-21,Apple Inc.,174.54762362371508,175.0336412910837,173.71208707001523,174.2846476236979,47638066.666666664
2023-05-22,Apple Inc.,173.74536810250643,174.47439460355938,173.21608407408846,173.96507263183594,43570900.0
2023-05-23,Apple Inc.,172.89653392147025,173.14619678903398,171.0490226062137,171.32864379882812,50747300.0
2023-05-24,Apple Inc.,170.85927252265486,172.18748077662556,170.29004912135989,171.60826110839844,45143500.0
2023-05-25,Apple Inc.,172.1774942175649,173.66547507432603,171.4584639792894,172.7567138671875,56058300.0
2023-05-26,Apple Inc.,173.0862804330217,175.5329734916611,172.87655691909848,175.19342041015625,54835000.0
2023-05-27,Apple Inc.,173.9950503260984,176.33688540527763,173.7403893306805,175.6602897644043,55117350.0
2023-05-28,Apple Inc.,174.90382021917512,177.14079731889416,174.60422174226255,176.12715911865234,55399700.0
2023-05-29,Apple Inc.,175.81259011225183,177.9447092325107,175.46805415384458,176.5940284729004,55682050.0
2023-05-30,Apple Inc.,176.72136000532853,178.74862114612722,176.3318865654266,177.06089782714844,55964400.0
2023-05-31,Apple Inc.,177.09086501462403,179.1081452280656,176.52162636877583,177.01097106933594,99625300.0
2023-06-01,Apple Inc.,177.4603610755877,179.8770957758611,176.69139518606963,179.84713745117188,68901800.0
2023-06-02,Apple Inc.,180.78587233883144,181.53486093281265,179.01825499033646,180.7059783935547,61945900.0
2023-06-03,Apple Inc.,181.3184880813125,182.59010162560438,178.6121359336476,180.24992879231772,81946100.0
2023-06-04,Apple Inc.,181.85110382379358,183.6453423183961,178.20601687695878,179.79387919108072,101946300.0
2023-06-05,Apple Inc.,182.38371956627464,184.70058301118783,177.79989782026993,179.33782958984375,121946500.0
2023-06-06,Apple Inc.,179.72730764994537,179.8770992763065,177.19072436334068,178.9683380126953,64848400.0
2023-06-07,Apple Inc.,178.1993591903379,180.96562784957044,177.08087449268916,177.5802001953125,61944600.0
2023-06-08,Apple Inc.,177.66007963684837,180.59611721859605,177.2206858168101,180.3264923095703,50214900.0
2023-06-09,Apple Inc.,181.2552379779913,181.9842492689996,180.38641609366343,180.71597290039062,48870700.0
2023-06-10,Apple Inc.,181.1786766761762,182.53683818482747,180.49959592493568,181.65803019205728,50672100.0
2023-06-11,Apple Inc.,181.10211537436112,183.08942710065537,180.6127757562079,182.60008748372397,52473500.0
2023-06-12,Apple Inc.,181.02555407254602,183.64201601648324,180.72595558748014,183.54214477539062,54274900.0
2023-06-13,Apple Inc.,182.55348317700447,183.90165345516425,182.19396805518622,183.0627899169922,54929100.0
2023-06-14,Apple Inc.,183.12271513340767,184.14134389926085,181.77454479216084,183.70193481445312,57462900.0
2023-06-15,Apple Inc.,183.71193194142057,186.2684772778539,183.5321667521524,185.7591552734375,65433200.0
2023-06-16,Apple Inc.,186.47818046053334,186.73783958924915,184.0215064339309,184.67062377929688,101235600.0
2023-06-17,Apple Inc.,185.89896442634927,186.51563961722644,184.05645890639744,184.6930923461914,88376475.0
2023-06-18,Apple Inc.,185.3197483921652,186.2934396452037,184.091411378864,184.71556091308594,75517350.0
2023-06-19,Apple Inc.,184.74053235798112,186.07123967318097,184.12636385133052,184.73802947998047,62658225.0
2023-06-20,Apple Inc.,184.16131632379705,185.84903970115826,184.16131632379705,184.760498046875,49799100.0
2023-06-21,Apple Inc.,184.65064889376922,185.15997089092158,182.3437664588452,183.71192932128906,49515700.0
2023-06-22,Apple Inc.,183.49221980695384,186.79775361246232,183.422306892294,186.74781799316406,51245300.0
2023-06-23,Apple Inc.,185.29977218365863,187.30705603211652,184.76049188882976,186.42823791503906,53079300.0
2023-06-24,Apple Inc.,185.72586501284061,187.470172904434,184.83372868231558,185.95887756347656,51415766.666666664
2023-06-25,Apple Inc.,186.1519578420226,187.6332897767515,184.90696547580137,185.48951721191406,49752233.333333336
2023-06-26,Apple Inc.,186.57805067120458,187.79640664906898,184.9802022692872,185.02015686035156,48088700.0
2023-06-27,Apple Inc.,185.6393095002511,188.13593801859233,185.41960497158018,187.80638122558594,50730800.0
2023-06-28,Apple Inc.,187.67655430359167,189.6438988227461,187.34701274416582,188.99478149414062,51216800.0
2023-06-29,Apple Inc.,188.8250133272047,189.81368372402295,188.685202737189,189.33432006835938,46347300.0
2023-06-30,Apple Inc.,191.37157910228686,194.21772654519862,191.00206770986077,193.7084197998047,85069600.0
2023-07-01,Apple Inc.,192.08728006702114,194.0180021099577,191.16851238864862,193.20576985677084,67199133.33333333
2023-07-02,Apple Inc.,192.80298103175542,193.8182776747168,191.3349570674365,192.70311991373697,49328666.666666664
2023-07-03,Apple Inc.,193.5186819964897,193.6185532394759,191.50140174622436,192.20046997070312,31458200.0
2023-07-04,Apple Inc.,192.41516976407848,193.16914883764264,190.93216412489414,191.63622283935547,39189250.0
2023-07-05,Apple Inc.,191.31165753166727,192.71974443580936,190.36292650356395,191.0719757080078,46920300.0
2023-07-06,Apple Inc.,189.58398600748745,191.7610540739458,188.9448496944212,191.55133056640625,45094300.0
2023-07-07,Apple Inc.,191.15187809400885,192.41017343783523,189.9834577236961,190.4228515625,46778000.0
2023-07-08,Apple Inc.,190.43617513168297,191.51804753919885,188.91822573383965,189.7337849934896,51159400.0
2023-07-09,Apple Inc.,189.72047216935712,190.6259216405625,187.85299374398318,189.04471842447916,55540800.0
2023-07-10,Apple Inc.,189.00476920703125,189.73379574192612,186.78776175412673,188.35565185546875,59922200.0
2023-07-11,Apple Inc.,188.90491565505894,189.04472625128065,186.34837033088385,187.8263702392578,46638100.0
2023-07-12,Apple Inc.,189.42419365364324,191.441473784721,188.21583397125048,189.5140838623047,60750200.0
2023-07-13,Apple Inc.,190.24309592624593,190.9321678456674,189.5240656832158,190.2830352783203,41342300.0
2023-07-14,Apple Inc.,189.97345970082588,190.92217552386194,189.37427797806131,190.43284606933594,41573900.0
2023-07-15,Apple Inc.,190.52937330572044,191.96743379935702,190.099960500473,191.53136189778647,44556000.0
2023-07-16,Apple Inc.,191.085286910615,193.01269207485208,190.82564302288466,192.62987772623697,47538100.0
2023-07-17,Apple Inc.,191.64120051550955,194.05795035034717,191.55132554529635,193.7283935546875,50520200.0
2023-07-18,Apple Inc.,193.08925756474935,194.06793168667224,192.16050382310547,193.46873474121094,48353800.0
2023-07-19,Apple Inc.,192.8395959568793,197.9626673970187,192.39019062577304,194.83689880371094,80507300.0
2023-07-20,Apple Inc.,194.82690085187127,196.20504468049253,192.24039734476693,192.8695526123047,59581200.0
2023-07-21,Apple Inc.,193.83825845755914,194.70708036935375,190.97211834658083,191.68116760253906,71917800.0
2023-07-22,Apple Inc.,193.6085656853457,194.68710601701767,191.31165916589103,191.95080057779947,63071133.333333336
2023-07-23,Apple Inc.,193.37887291313228,194.66713166468156,191.65119998520123,192.2204335530599,54224466.66666667
2023-07-24,Apple Inc.,193.14918014091884,194.64715731234548,191.99074080451143,192.4900665283203,45377800.0
2023-07-25,Apple Inc.,193.06928450628936,194.1777882129691,192.65983375917983,193.35888671875,37283200.0
2023-07-26,Apple Inc.,193.40881890786576,195.3761634266119,193.0593000533859,194.23770141601562,47471900.0
2023-07-27,Apple Inc.,195.7556538787222,196.93405522952818,192.29033226300314,192.9594268798828,47460200.0
2023-07-28,Apple Inc.,194.40747861366464,196.36484218736788,193.87819455695032,195.56591796875,48291400.0
2023-07-29,Apple Inc.,194.8701858749316,196.31823760619378,194.25102176852192,195.77230326334634,45135633.333333336
2023-07-30,Apple Inc.,195.33289313619855,196.27163302501967,194.6238489800935,195.97868855794272,41979866.666666664
2023-07-31,Apple Inc.,195.7956003974655,196.22502844384556,194.9966761916651,196.18507385253906,38824100.0
2023-08-01,Apple Inc.,195.97536194162956,196.4646913894564,195.01664986483507,195.34620666503906,35175100.0
2023-08-02,Apple Inc.,194.77697126423078,194.9167818571001,191.5912859525503,192.32029724121094,50389300.0
2023-08-03,Apple Inc.,191.31167066124877,192.1105796518531,190.4328524857293,190.91220092773438,61235200.0
2023-08-04,Apple Inc.,185.26982153434236,187.1273138435141,181.67467021394165,181.7445831298828,115799700.0
2023-08-05,Apple Inc.,184.14134296427747,185.71255497307487,180.15339124687162,180.69932556152344,109725166.66666667
2023-08-06,Apple Inc.,183.0128643942126,184.2977961026357,178.6321122798016,179.65406799316406,103650633.33333333
2023-08-07,Apple Inc.,181.88438582414773,182.88303723219647,177.11083331273156,178.6088104248047,97576100.0
2023-08-08,Apple Inc.,179.44767337070667,180.02689301408918,177.34051829700232,179.55752563476562,67823000.0
2023-08-09,Apple Inc.,180.6260856437818,180.68600229358296,176.77129037838316,177.94970703125,60378500.0
2023-08-10,Apple Inc.,179.23795389693723,180.50624547624963,177.36049957568258,177.72999572753906,54686900.0
2023-08-11,Apple Inc.,177.32000732421875,178.6199951171875,176.5500030517578,177.7899932861328,51988100.0
2023-08-12,Apple Inc.,177.53667195638022,178.9766642252604,176.80333455403647,178.34666442871094,49217266.666666664
2023-08-13,Apple Inc.,177.75333658854166,179.33333333333334,177.0566660563151,178.90333557128906,46446433.333333336
2023-08-14,Apple Inc.,177.97000122070312,179.69000244140625,177.30999755859375,179.4600067138672,43675600.0
2023-08-15,Apple Inc.,178.8800048828125,179.47999572753906,177.0500030517578,177.4499969482422,43622600.0
2023-08-16,Apple Inc.,177.1300048828125,178.5399932861328,176.5,176.57000732421875,46964900.0
2023-08-17,Apple Inc.,177.13999938964844,177.50999450683594,173.47999572753906,174.0,66062900.0
2023-08-18,Apple Inc.,172.3000030517578,175.10000610351562,171.9600067138672,174.49000549316406,61114200.0
2022-08-22,Microsoft Corporation,279.3809322347541,279.75730107858453,274.56744917037184,275.0923767089844,25061100.0
2022-08-23,Microsoft Corporation,273.794921875,276.1917494902996,272.76486451791914,273.794921875,17527400.0
2022-08-24,Microsoft Corporation,272.77478470088187,274.5773775603151,272.4776370701584,273.1511535644531,18137000.0
2022-08-25,Microsoft Corporation,274.6764092417502,276.3502412277994,271.8932985911048,276.181884765625,16583400.0
2022-08-26,Microsoft Corporation,276.4096764491319,277.65763011258446,265.41590832557006,265.52484130859375,27549300.0
2022-08-27,Microsoft Corporation,272.0418819954954,273.3855701574745,264.0524153973084,264.5806376139323,25145700.0
2022-08-28,Microsoft Corporation,267.6740875418588,269.1135102023646,262.68892246904664,263.6364339192708,22742100.0
2022-08-29,Microsoft Corporation,263.3062930882223,264.8414502472546,261.32542954078497,262.6922302246094,20338500.0
2022-08-30,Microsoft Corporation,264.11840535932055,264.4947439739744,258.16590183225645,260.45379638671875,22767100.0
2022-08-31,Microsoft Corporation,262.85067561469884,264.5541890718754,258.829495223831,258.9681701660156,24791800.0
2022-09-01,Microsoft Corporation,256.3930270701306,258.3937182747003,252.9661421489844,257.90838623046875,23263400.0
2022-09-02,Microsoft Corporation,259.19595770134003,262.20684795519696,252.03512646565017,253.6099090576172,22855400.0
2022-09-03,Microsoft Corporation,257.83411781884763,260.4958800550314,251.40868227779532,252.91413497924805,22473600.0
2022-09-04,Microsoft Corporation,256.4722779363552,258.78491215486594,250.78223808994045,252.2183609008789,22091800.0
2022-09-05,Microsoft Corporation,255.11043805386288,257.07394425470045,250.1557939020856,251.52258682250977,21710000.0
2022-09-06,Microsoft Corporation,253.74859817137047,255.3629763545349,249.52934971423076,250.82681274414062,21328200.0
2022-09-07,Microsoft Corporation,252.26292093961266,256.35339309701186,250.79708642967736,255.6204833984375,24126700.0
2022-09-08,Microsoft Corporation,255.04607127656712,257.93811485230185,252.352080788456,256.04638671875,20319900.0
2022-09-09,Microsoft Corporation,258.0074342027447,262.6921865955789,257.79945202796847,261.9295349121094,22084700.0
2022-09-10,Microsoft Corporation,259.75058985135416,263.42510278629703,259.4072474893137,262.6525472005208,20972366.666666668
2022-09-11,Microsoft Corporation,261.4937454999636,264.1580189770151,261.015042950659,263.3755594889323,19860033.333333332
2022-09-12,Microsoft Corporation,263.23690114857305,264.89093516773323,262.6228384120042,264.09857177734375,18747700.0
2022-09-13,Microsoft Corporation,256.3633203001396,257.9083912298237,249.18269095972752,249.57887268066406,33353300.0
2022-09-14,Microsoft Corporation,251.10413418172408,251.79743331186455,247.46925185182766,249.80667114257812,23913000.0
2022-09-15,Microsoft Corporation,247.38012956159292,248.99452295342357,241.68514729531768,243.03213500976562,31530900.0
2022-09-16,Microsoft Corporation,241.92283630772653,242.95289371634868,239.74388963796315,242.39825439453125,39791800.0
2022-09-17,Microsoft Corporation,241.3318710905654,242.90005951020993,239.34440854903804,242.32561238606772,35470166.666666664
2022-09-18,Microsoft Corporation,240.74090587340427,242.8472253040712,238.9449274601129,242.25297037760416,31148533.333333336
2022-09-19,Microsoft Corporation,240.14994065624313,242.79439109793245,238.54544637118778,242.18032836914062,26826900.0
2022-09-20,Microsoft Corporation,239.75380370950484,241.18001263204602,237.34704687168977,240.13015747070312,26660300.0
2022-09-21,Microsoft Corporation,241.9327387860554,245.2903014113293,236.61411064978853,236.66363525390625,28625600.0
2022-09-22,Microsoft Corporation,235.59396662570427,241.5266575207835,235.29684922739608,238.67420959472656,31061200.0
2022-09-23,Microsoft Corporation,237.24798807085298,238.82278586201338,232.94951838621253,235.64349365234375,34176000.0
2022-09-24,Microsoft Corporation,236.42592935520523,238.92842553598376,233.51075829661718,235.48832194010416,32015400.0
2022-09-25,Microsoft Corporation,235.6038706395575,239.03406520995418,234.0719982070218,235.3331502278646,29854800.0
2022-09-26,Microsoft Corporation,234.78181192390974,239.13970488392457,234.63323811742646,235.177978515625,27694200.0
2022-09-27,Microsoft Corporation,237.683782338749,239.48637518984512,232.25622114652168,234.14794921875,27018700.0
2022-09-28,Microsoft Corporation,234.5441181701215,240.01130514587115,232.484018510958,238.76336669921875,29029700.0
2022-09-29,Microsoft Corporation,236.6042078851575,237.65406297893313,232.16707848186948,235.22750854492188,27484200.0
2022-09-30,Microsoft Corporation,236.00995000925283,238.23842121023685,230.50315248175616,230.67152404785156,35694800.0
2022-10-01,Microsoft Corporation,235.05913532332744,238.59167375091957,231.1403290723337,233.25985209147134,33423333.333333332
2022-10-02,Microsoft Corporation,234.10832063740202,238.9449262916023,231.77750566291127,235.84818013509116,31151866.666666668
2022-10-03,Microsoft Corporation,233.15750595147662,239.298178832285,232.41468225348882,238.43650817871094,28880400.0
2022-10-04,Microsoft Corporation,242.7448974280729,247.9644766262397,242.63594933849032,246.49864196777344,34888400.0
2022-10-05,Microsoft Corporation,243.6362898464333,248.1823675455269,241.76437461076017,246.81556701660156,20347100.0
2022-10-06,Microsoft Corporation,245.55771085723944,247.9446547523213,243.72542137892705,244.42861938476562,20239900.0
2022-10-07,Microsoft Corporation,238.5949973464864,239.0109919717035,230.93896431689217,231.9987335205078,37769600.0
2022-10-08,Microsoft Corporation,236.00336517806193,236.77921038236315,228.8128313814737,230.35130818684897,35094266.666666664
2022-10-09,Microsoft Corporation,233.41173300963746,234.5474287930228,226.6866984460552,228.7038828531901,32418933.333333332
2022-10-10,Microsoft Corporation,230.820100841213,232.31564720368243,224.56056551063674,227.05645751953125,29743600.0
2022-10-11,Microsoft Corporation,225.44203444508466,226.86825835757256,221.96562499298545,223.25318908691406,30474000.0
2022-10-12,Microsoft Corporation,223.24327819513474,225.679746598226,221.81706937565235,223.58993530273438,21903900.0
2022-10-13,Microsoft Corporation,217.7464215521462,233.84093713999812,217.03330949861518,231.9987335205078,42551800.0
2022-10-14,Microsoft Corporation,233.28625529683868,234.9700011278724,226.15515071128473,226.373046875,30198600.0
2022-10-15,Microsoft Corporation,233.37870452406466,235.5378533547652,228.4001343362802,229.33444213867188,29513166.666666668
2022-10-16,Microsoft Corporation,233.47115375129064,236.10570558165796,230.64511796127562,232.29583740234375,28827733.333333332
2022-10-17,Microsoft Corporation,233.56360297851663,236.67355780855075,232.89010158627107,235.25723266601562,28142300.0
2022-10-18,Microsoft Corporation,240.91259260187744,241.59597772468794,233.11788547861406,236.2179412841797,26329600.0
2022-10-19,Microsoft Corporation,234.7719091975825,237.31732576545372,232.04822218872397,234.21726989746094,19985700.0
2022-10-20,Microsoft Corporation,233.51405765356165,239.00104195256253,232.62266016463263,233.89041137695312,21811000.0
2022-10-21,Microsoft Corporation,232.4939238727571,240.67488361171235,232.2562148434014,239.8032989501953,26299700.0
2022-10-22,Microsoft Corporation,235.47182244254043,242.27278328393538,234.50119860411033,241.49694315592447,25836866.666666668
2022-10-23,Microsoft Corporation,238.44972101232375,243.87068295615842,236.74618236481925,243.19058736165366,25374033.333333332
2022-10-24,Microsoft Corporation,241.42761958210707,245.46858262838145,238.99116612552817,244.8842315673828,24911200.0
2022-10-25,Microsoft Corporation,244.8941050090192,248.63793514149742,243.47779511544596,248.26158142089844,34775500.0
2022-10-26,Microsoft Corporation,228.9580851188157,236.0198676934883,227.85870537127133,229.10665893554688,82543200.0
2022-10-27,Microsoft Corporation,228.82931300824305,231.4539658479606,223.61964816923944,224.5803680419922,40424600.0
2022-10-28,Microsoft Corporation,224.0752520524495,234.33612409834504,223.88706762920447,233.61309814453125,40647700.0
2022-10-29,Microsoft Corporation,226.55793415199307,233.7814836317431,225.57080212803342,232.37836710611978,36550900.0
2022-10-30,Microsoft Corporation,229.04061625153665,233.22684316514113,227.25453662686238,231.14363606770834,32454100.0
2022-10-31,Microsoft Corporation,231.5232983510802,232.6722026985392,228.93827112569133,229.90890502929688,28357300.0
2022-11-01,Microsoft Corporation,232.35528489268327,233.48437643602438,225.15484213927036,225.98680114746094,30592300.0
2022-11-02,Microsoft Corporation,227.2644596730091,229.08685033497954,217.93457995921597,217.9940185546875,38407000.0
2022-11-03,Microsoft Corporation,217.9840989168364,218.30104429998556,211.9325609115195,212.19998168945312,36633900.0
2022-11-04,Microsoft Corporation,215.46841348322636,219.4697507925107,211.38782471377965,219.27166748046875,36789100.0
2022-11-05,Microsoft Corporation,216.93425024247784,221.72133153984313,213.97945335970988,221.41099548339844,35692066.666666664
2022-11-06,Microsoft Corporation,218.40008700172936,223.9729122871756,216.5710820056401,223.55032348632812,34595033.333333336
2022-11-07,Microsoft Corporation,219.86592376098085,226.22449303450804,219.16271065157034,225.6896514892578,33498000.0
2022-11-08,Microsoft Corporation,226.511712663534,229.4334829740503,223.67907757339844,226.68008422851562,28192500.0
2022-11-09,Microsoft Corporation,225.19445168396987,226.44240530309241,222.18354595368305,222.36181640625,27852900.0
2022-11-10,Microsoft Corporation,233.17731318678062,241.00173219151827,232.75143483674924,240.6550750732422,46268000.0
2022-11-11,Microsoft Corporation,240.6649712251877,245.61712904618003,239.61510107239684,244.74554443359375,34620200.0
2022-11-12,Microsoft Corporation,240.33482968057692,244.27014384280966,238.71711670569454,242.90994771321616,33454566.666666668
2022-11-13,Microsoft Corporation,240.00468813596612,242.92315863943932,237.81913233899226,241.07435099283853,32288933.333333332
2022-11-14,Microsoft Corporation,239.67454659135532,241.57617343606896,236.92114797228996,239.23875427246094,31123300.0
2022-11-15,Microsoft Corporation,243.30944995317375,244.63662477630805,237.73331476286856,239.65475463867188,31390100.0
2022-11-16,Microsoft Corporation,241.14456487640618,242.14772963684803,238.79063161269113,240.0917510986328,24093300.0
2022-11-17,Microsoft Corporation,236.16852080636676,241.60145084141794,236.01954344559397,240.04208374023438,23123500.0
2022-11-18,Microsoft Corporation,241.8596786222308,242.08813077814978,237.41004472081346,239.585205078125,27613500.0
2022-11-19,Microsoft Corporation,241.1710468174138,242.3960307415278,238.1251696223429,239.86000061035156,27207233.333333332
2022-11-20,Microsoft Corporation,240.4824150125968,242.7039307049058,238.84029452387233,240.13479614257812,26800966.666666668
2022-11-21,Microsoft Corporation,239.7937832077798,243.0118306682838,239.55541942540177,240.4095916748047,26394700.0
2022-11-22,Microsoft Corporation,241.939141489406,243.64748594095897,239.07867009234542,243.369384765625,19665700.0
2022-11-23,Microsoft Corporation,243.44886832432363,246.59738313358562,242.6145647163646,245.90213012695312,19508500.0
2022-11-24,Microsoft Corporation,244.5414046060799,246.80595158913795,243.83621726595032,245.85742950439453,14354650.0
2022-11-25,Microsoft Corporation,245.6339408878362,247.01452004469027,245.05786981553604,245.81272888183594,9200800.0
2022-11-26,Microsoft Corporation,245.22672109646396,246.33581691619344,243.09460189758772,243.9156697591146,14393266.666666668
2022-11-27,Microsoft Corporation,244.81950130509173,245.65711378769657,241.13133397963938,242.01861063639322,19585733.333333336
2022-11-28,Microsoft Corporation,244.4122815137195,244.97841065919974,239.16806606169106,240.12155151367188,24778200.0
2022-11-29,Microsoft Corporation,239.7639887323498,241.1445678807509,236.59562058716523,238.7012481689453,17956300.0
2022-11-30,Microsoft Corporation,238.93962459379136,253.59958817651997,238.23442971286067,253.41087341308594,47594200.0
2022-12-01,Microsoft Corporation,252.14946300742994,254.38421426862107,249.2194588293881,252.9639129638672,26041500.0
2022-12-02,Microsoft Corporation,248.12694634251986,254.32464739395408,247.99782251882218,253.2917022705078,21528500.0
2022-12-03,Microsoft Corporation,248.8519907784454,253.58304016299866,247.4581658483125,251.69591776529947,22164100.0
2022-12-04,Microsoft Corporation,249.57703521437097,252.84143293204326,246.91850917780283,250.10013326009116,22799700.0
2022-12-05,Microsoft Corporation,250.30207965029652,252.09982570108784,246.37885250729315,248.5043487548828,23435300.0
2022-12-06,Microsoft Corporation,249.12015290289318,250.15309795868566,242.1278558215779,243.45877075195312,22463700.0
2022-12-07,Microsoft Corporation,243.17075637473994,244.49174460665006,240.56851731261614,242.7138671875,20481500.0
2022-12-08,Microsoft Corporation,243.18066445838173,247.05424243566745,241.41272910321553,245.7233123779297,22611800.0
2022-12-09,Microsoft Corporation,243.04162273689226,246.62715774859313,242.50528907867607,243.75674438476562,20609700.0
2022-12-10,Microsoft Corporation,243.95207706193136,248.0276005884963,243.5018208966678,246.10405985514322,23961500.0
2022-12-11,Microsoft Corporation,244.86253138697046,249.42804342839952,244.49835271465955,248.45137532552084,27313300.0
2022-12-12,Microsoft Corporation,245.77298571200956,250.8284862683027,245.49488453265127,250.79869079589844,30665100.0
2022-12-13,Microsoft Corporation,259.9164796420974,262.13137742085144,251.35490386736714,255.17881774902344,42196900.0
2022-12-14,Microsoft Corporation,255.38738970613502,260.8103778407392,252.58649406654354,255.47677612304688,35410900.0
2022-12-15,Microsoft Corporation,252.00048899121285,252.477231689745,245.66372270357385,247.32240295410156,35560400.0
2022-12-16,Microsoft Corporation,246.8655486682556,248.1467995089294,241.8596968901096,243.03170776367188,86102000.0
2022-12-17,Microsoft Corporation,245.64388279116164,246.6139280397716,240.27054342231895,241.6279500325521,67300133.33333333
2022-12-18,Microsoft Corporation,244.42221691406766,245.08105657061378,238.6813899545283,240.22419230143228,48498266.666666664
2022-12-19,Microsoft Corporation,243.2005510369737,243.54818510145597,237.09223648673765,238.8204345703125,29696400.0
2022-12-20,Microsoft Corporation,237.7775414945653,241.26376335743262,236.80418735625994,240.16128540039062,25150800.0
2022-12-21,Microsoft Corporation,240.0520318625944,243.95539036934568,238.482737948655,242.77345275878906,23690600.0
2022-12-22,Microsoft Corporation,239.62493078886075,240.34999435537355,232.28501479535336,236.57574462890625,28651700.0
2022-12-23,Microsoft Corporation,234.50983690835332,237.25112639203846,232.3545452418618,237.11207580566406,21207000.0
2022-12-24,Microsoft Corporation,235.1529510650395,237.266027431349,232.82384612589928,236.67258071899414,20077400.0
2022-12-25,Microsoft Corporation,235.7960652217257,237.28092847065952,233.29314700993675,236.23308563232422,18947800.0
2022-12-26,Microsoft Corporation,236.4391793784119,237.29582950997005,233.7624478939742,235.7935905456543,17818200.0
2022-12-27,Microsoft Corporation,237.08229353509807,237.31073054928058,234.23174877801168,235.35409545898438,16688600.0
2022-12-28,Microsoft Corporation,235.28455826949715,238.09538072902333,232.58299092872915,232.9405517578125,17457100.0
2022-12-29,Microsoft Corporation,234.052957628945,240.28046911770085,234.052957628945,239.3766326904297,19770700.0
2022-12-30,Microsoft Corporation,236.59562797058211,238.33376800365747,235.05612948163972,238.19471740722656,21938500.0
2022-12-31,Microsoft Corporation,237.80487329760876,239.77145411211623,235.2398710307487,238.1351203918457,22888875.0
2023-01-01,Microsoft Corporation,239.01411862463544,241.20914022057497,235.42361257985766,238.07552337646484,23839250.0
2023-01-02,Microsoft Corporation,240.22336395166212,242.64682632903373,235.60735412896662,238.01592636108398,24789625.0
2023-01-03,Microsoft Corporation,241.43260927868877,244.0845124374925,235.7910956780756,237.95632934570312,25740000.0
2023-01-04,Microsoft Corporation,230.70578923078602,231.29178704158187,224.4286290575046,227.54734802246094,50623400.0
2023-01-05,Microsoft Corporation,225.6602189094587,226.00785295435253,220.2570844099658,220.80335998535156,39585600.0
2023-01-06,Microsoft Corporation,221.48869629846308,224.22998591779051,217.86343894586366,223.40560913085938,43613600.0
2023-01-07,Microsoft Corporation,222.63089489160498,226.0442698147653,220.20081590912878,224.13065592447916,38199000.0
2023-01-08,Microsoft Corporation,223.77309348474688,227.85855371174006,222.53819287239386,224.85570271809897,32784400.0
2023-01-09,Microsoft Corporation,224.91529207788878,229.67283760871484,224.87556983565898,225.58074951171875,27369800.0
2023-01-10,Microsoft Corporation,226.2164173879344,229.74236132652536,225.78933886245014,227.29904174804688,27033900.0
2023-01-11,Microsoft Corporation,229.72250049100683,234.35092249209475,229.5437276571152,234.17214965820312,28669300.0
2023-01-12,Microsoft Corporation,233.66559577305844,238.27414906339413,231.9771200058287,236.89356994628906,27269500.0
2023-01-13,Microsoft Corporation,235.3938057339192,237.74773894153765,233.32790047254585,237.6086883544922,21333300.0
2023-01-14,Microsoft Corporation,235.63466427763169,238.13013357529752,233.86672509486925,237.8867950439453,23457800.0
2023-01-15,Microsoft Corporation,235.87552282134413,238.5125282090574,234.40554971719263,238.16490173339844,25582300.0
2023-01-16,Microsoft Corporation,236.1163813650566,238.89492284281724,234.944374339516,238.44300842285156,27706800.0
2023-01-17,Microsoft Corporation,236.3572399087691,239.2773174765771,235.4831989618394,238.7211151123047,29831300.0
2023-01-18,Microsoft Corporation,239.93284136836266,240.73734941920688,233.9238403397404,234.2118682861328,30028700.0
2023-01-19,Microsoft Corporation,232.1956379001244,233.9238511242864,229.11664098653628,230.35816955566406,28623000.0
2023-01-20,Microsoft Corporation,233.26832013473367,239.108475366928,232.92068607362572,238.5919952392578,35389800.0
2023-01-21,Microsoft Corporation,235.3342213814526,240.57512784543988,234.62240361114445,239.37332661946616,34237866.666666664
2023-01-22,Microsoft Corporation,237.40012262817157,242.0417803239518,236.3241211486632,240.15465799967447,33085933.333333332
2023-01-23,Microsoft Corporation,239.4660238748905,243.5084328024637,238.02583868618194,240.9359893798828,31934000.0
2023-01-24,Microsoft Corporation,240.8565473943839,242.29671753329526,238.810510694987,240.399658203125,40234400.0
2023-01-25,Microsoft Corporation,232.89089382827808,241.6511267979856,229.33515414245005,238.97935485839844,66526600.0
2023-01-26,Microsoft Corporation,241.99874930057464,246.62717157111112,240.3599376063193,246.31927490234375,33454500.0
2023-01-27,Microsoft Corporation,247.30255669517757,248.1368602310303,245.15719175551834,246.47817993164062,26498900.0
2023-01-28,Microsoft Corporation,245.81934230239239,246.7364194677033,243.62431822332732,244.673828125,26288400.0
2023-01-29,Microsoft Corporation,244.33612790960717,245.3359787043763,242.09144469113627,242.86947631835938,26077900.0
2023-01-30,Microsoft Corporation,242.85291351682199,243.9355379410493,240.55857115894526,241.06512451171875,25867400.0
2023-01-31,Microsoft Corporation,241.80010192890217,246.26960479322707,241.30349049953273,246.13055419921875,26541100.0
2023-02-01,Microsoft Corporation,246.319270253771,253.45060314218173,243.80641762046724,251.03707885742188,31259900.0
2023-02-02,Microsoft Corporation,257.06593604175754,262.8961491112985,255.50656894890705,262.8067626953125,39940400.0
2023-02-03,Microsoft Corporation,257.78105867203635,262.4094806412304,255.3575925712437,256.59912109375,29077300.0
2023-02-04,Microsoft Corporation,257.08580188403573,260.4561355589655,254.5894990266587,256.0760192871094,26890866.666666668
2023-02-05,Microsoft Corporation,256.39054509603517,258.5027904767006,253.82140548207366,255.55291748046875,24704433.333333332
2023-02-06,Microsoft Corporation,255.69528830803458,256.54944539443574,253.05331193748864,255.02981567382812,22518000.0
2023-02-07,Microsoft Corporation,258.76434865798757,266.94849526658015,258.3173862498726,265.7467041015625,50841400.0
2023-02-08,Microsoft Corporation,271.34848559902093,274.88435640099067,264.40583750019556,264.9223327636719,54686000.0
2023-02-09,Microsoft Corporation,271.9443742480176,272.1231773774949,261.0189241015767,261.8333740234375,42375100.0
2023-02-10,Microsoft Corporation,259.75758831188637,262.30023655495006,258.8934892236802,261.31695556640625,25818500.0
2023-02-11,Microsoft Corporation,261.7804518298653,265.77982484800816,261.0421525013366,264.0383809407552,32089300.0
2023-02-12,Microsoft Corporation,263.8033153478442,269.25941314106626,263.19081577899294,266.7598063151042,38360100.0
2023-02-13,Microsoft Corporation,265.8261788658231,272.73900143412436,265.33947905664934,269.4812316894531,44630900.0
2023-02-14,Microsoft Corporation,270.82208138385295,273.10648176004,267.4550414535347,270.3254699707031,37047900.0
2023-02-15,Microsoft Corporation,267.1690842890624,269.5687505605419,265.03824894923866,268.164794921875,28922400.0
2023-02-16,Microsoft Corporation,262.887486548321,265.5958204399719,260.7765850596338,261.0255126953125,29603600.0
2023-02-17,Microsoft Corporation,258.27737602248203,258.9743551805301,254.90190264790783,256.95306396484375,30000100.0
2023-02-18,Microsoft Corporation,257.05513584100186,257.829289553143,253.80413009307432,255.61134338378906,29599425.0
2023-02-19,Microsoft Corporation,255.83289565952168,256.6842239257559,252.70635753824078,254.26962280273438,29198750.0
2023-02-20,Microsoft Corporation,254.61065547804154,255.53915829836882,251.60858498340724,252.9279022216797,28798075.0
2023-02-21,Microsoft Corporation,253.38841529656136,254.3940926709817,250.51081242857373,251.586181640625,28397400.0
2023-02-22,Microsoft Corporation,253.0001027744181,253.24903042448383,249.26618802343194,250.43116760253906,22491100.0
2023-02-23,Microsoft Corporation,254.46378972036956,255.73829802890347,249.4055782237905,253.67718505859375,29219100.0
2023-02-24,Microsoft Corporation,248.88781699803096,249.92334929010082,247.03579475810787,248.15098571777344,24990900.0
2023-02-25,Microsoft Corporation,249.71757706153608,250.52741739389444,247.4639493206815,248.46297709147134,23723933.333333332
2023-02-26,Microsoft Corporation,250.54733712504122,251.13148549768803,247.89210388325515,248.77496846516928,22456966.666666668
2023-02-27,Microsoft Corporation,251.37709718854634,251.73555360148166,248.32025844582878,249.0869598388672,21190000.0
2023-02-28,Microsoft Corporation,248.00163859085316,250.41125634343973,247.66308545062427,248.35012817382812,22491000.0
2023-03-01,Microsoft Corporation,249.68438443195134,249.85365341064607,244.7357015375454,245.21365356445312,27565300.0
2023-03-02,Microsoft Corporation,245.4924449067283,250.32163207164277,244.55647453681243,250.0328826904297,24808200.0
2023-03-03,Microsoft Corporation,251.1082375456348,254.52351732386464,250.3116660938989,254.19493103027344,30760100.0
2023-03-04,Microsoft Corporation,252.51551107350647,256.0170890893844,251.83510786409042,254.71934509277344,28543333.333333332
2023-03-05,Microsoft Corporation,253.9227846013781,257.51066085490413,253.3585496342819,255.24375915527344,26326566.666666668
2023-03-06,Microsoft Corporation,255.33005812924978,259.0042326204239,254.8819914044734,255.76817321777344,24109800.0
2023-03-07,Microsoft Corporation,255.20060131290649,256.5846535603125,252.30309516499045,253.05982971191406,21473200.0
2023-03-08,Microsoft Corporation,252.9503085800419,253.44816386910094,249.73416766685514,252.6117706298828,17340200.0
2023-03-09,Microsoft Corporation,254.72268845402786,258.44663630805337,250.50087011552003,251.23770141601562,26653400.0
2023-03-10,Microsoft Corporation,250.0030063763461,251.70566290625584,246.5379379212048,247.523681640625,28333900.0
2023-03-11,Microsoft Corporation,248.78160046522237,253.40501408575872,245.91727655289816,249.29272969563803,30002500.0
2023-03-12,Microsoft Corporation,247.56019455409862,255.10436526526163,245.2966151845915,251.06177775065103,31671100.0
2023-03-13,Microsoft Corporation,246.3387886429749,256.8037164447645,244.67595381628487,252.83082580566406,33339700.0
2023-03-14,Microsoft Corporation,255.6487072186082,259.9501844829176,254.76252535536,259.67138671875,33620300.0
2023-03-15,Microsoft Corporation,258.8648507920512,265.3369696436687,258.09813418831015,264.3014221191406,46028000.0
2023-03-16,Microsoft Corporation,264.0723794711208,275.3736999919761,262.1506654532622,275.0152587890625,54768800.0
2023-03-17,Microsoft Corporation,277.06641998143397,282.1146492414991,275.1347391349897,278.23138427734375,69527400.0
2023-03-18,Microsoft Corporation,276.64158377330295,280.17302170036703,272.9873229141367,275.84168497721356,60840466.666666664
2023-03-19,Microsoft Corporation,276.216747565172,278.2313941592349,270.83990669328375,273.4519856770833,52153533.33333333
2023-03-20,Microsoft Corporation,275.791911357041,276.2897666181029,268.6924904724308,271.0622863769531,43466600.0
2023-03-21,Microsoft Corporation,273.7009089727119,273.8203893716609,268.3638848551615,272.6056213378906,34558700.0
2023-03-22,Microsoft Corporation,272.22726394275713,279.83450728824965,271.01249583107756,271.1220397949219,34873300.0
2023-03-23,Microsoft Corporation,276.74779187833235,279.85440392326404,274.019554703148,276.468994140625,36610900.0
2023-03-24,Microsoft Corporation,276.0507829675344,279.426256315306,274.0991987991517,279.36651611328125,28172000.0
2023-03-25,Microsoft Corporation,277.13279236407897,279.7017324713176,274.17885308128416,277.97584025065106,27728066.666666668
2023-03-26,Microsoft Corporation,278.2148017606235,279.97720862732916,274.25850736341664,276.5851643880208,27284133.333333332
2023-03-27,Microsoft Corporation,279.29681115716807,280.2526847833408,274.3381616455491,275.1944885253906,26840200.0
2023-03-28,Microsoft Corporation,274.6070339797959,274.9555387659858,270.88305568509475,274.0494384765625,21878600.0
2023-03-29,Microsoft Corporation,277.76342353384837,279.9340957596833,277.2157948524738,279.3067932128906,25087000.0
2023-03-30,Microsoft Corporation,283.010824481681,283.2398184638779,280.27262043129286,282.8315734863281,25053400.0
2023-03-31,Microsoft Corporation,282.51295009966077,288.029164371642,281.78607049804305,287.0633239746094,32766000.0
2023-04-01,Microsoft Corporation,283.43895971500075,287.69726705679733,282.10138896478117,286.7082010904948,30138433.333333332
2023-04-02,Microsoft Corporation,284.3649693303407,287.3653697419527,282.41670743151934,286.3530782063802,27510866.666666668
2023-04-03,Microsoft Corporation,285.2909789456807,287.033472427108,282.73202589825746,285.9979553222656,24883300.0
2023-04-04,Microsoft Corporation,285.99795439464975,289.2041436055439,284.4446483557495,285.9481506347656,25824300.0
2023-04-05,Microsoft Corporation,284.6238634470982,285.9182749922036,281.7064388627147,283.1203308105469,22064800.0
2023-04-06,Microsoft Corporation,281.99515661369895,290.8271037119735,280.82022553976213,290.34918212890625,29770300.0
2023-04-07,Microsoft Corporation,283.48872512361345,290.20977086930975,281.48735248443506,289.79905700683594,28103475.0
2023-04-08,Microsoft Corporation,284.982293633528,289.59243802664605,282.15447942910805,289.2489318847656,26436650.0
2023-04-09,Microsoft Corporation,286.4758621434425,288.9751051839823,282.821606373781,288.6988067626953,24769825.0
2023-04-10,Microsoft Corporation,287.969430653357,288.35777234131854,283.4887333184539,288.148681640625,23103000.0
2023-04-11,Microsoft Corporation,284.52427883699784,284.7533031939868,280.43192321780646,281.6167907714844,27276600.0
2023-04-12,Microsoft Corporation,283.5684288217448,285.77890755782676,280.7505508217198,282.27398681640625,27403400.0
2023-04-13,Microsoft Corporation,282.37354981627135,288.6564809244236,281.9553684038999,288.59674072265625,24222700.0
2023-04-14,Microsoft Corporation,285.7689552609384,287.24261795549484,282.47315545523946,284.91265869140625,20987900.0
2023-04-15,Microsoft Corporation,286.7414288864041,288.2781540577649,283.2929563019172,285.79551188151044,21937333.333333332
2023-04-16,Microsoft Corporation,287.7139025118697,289.31369016003487,284.1127571485948,286.67836507161456,22886766.666666668
2023-04-17,Microsoft Corporation,288.6863761373354,290.3492262623049,284.93255799527253,287.56121826171875,23836200.0
2023-04-18,Microsoft Corporation,290.31934266847196,290.5085301106259,285.77890483012914,287.133056640625,20161800.0
2023-04-19,Microsoft Corporation,284.7632680544528,287.81014009465844,283.31950589980744,287.2127380371094,17150300.0
2023-04-20,Microsoft Corporation,284.02645491555853,287.79023985111974,283.8571707396867,284.88275146484375,23244400.0
2023-04-21,Microsoft Corporation,283.78748828902576,285.0420629841165,281.84584046121296,284.5342712402344,21676400.0
2023-04-22,Microsoft Corporation,282.81831718902356,284.6039496085794,280.40537211474174,283.2099609375,23321266.666666668
2023-04-23,Microsoft Corporation,281.8491460890214,284.1658362330422,278.96490376827046,281.8856506347656,24966133.333333332
2023-04-24,Microsoft Corporation,280.8799749890192,283.7277228575051,277.52443542179924,280.56134033203125,26611000.0
2023-04-25,Microsoft Corporation,278.31106950425806,280.39210093689286,274.18881318314783,274.2386169433594,45772200.0
2023-04-26,Microsoft Corporation,295.4273394235426,298.2850239086974,291.4743672297897,294.10302734375,64599200.0
2023-04-27,Microsoft Corporation,294.7004792551338,303.8908993990074,293.9835663790641,303.5224609375,46462600.0
2023-04-28,Microsoft Corporation,302.70598768564764,307.6048667961201,302.0089781145326,305.9420471191406,36446700.0
2023-04-29,Microsoft Corporation,303.688419859159,307.49534364628914,302.6196799499334,305.3778076171875,31395833.333333332
2023-04-30,Microsoft Corporation,304.6708520326704,307.38582049645817,303.23038178533415,304.8135681152344,26344966.666666664
2023-05-01,Microsoft Corporation,305.65328420618175,307.2762973466272,303.84108362073493,304.24932861328125,21294100.0
2023-05-02,Microsoft Corporation,306.4398708023574,307.8537626847408,302.60637933006353,304.0999450683594,26404400.0
2023-05-03,Microsoft Corporation,305.30477805478426,307.28623241690065,302.7856314626095,303.09429931640625,22360800.0
2023-05-04,Microsoft Corporation,304.9263714067471,306.4398708023574,302.09855725530764,304.0999450683594,22519900.0
2023-05-05,Microsoft Corporation,304.40862867692607,310.6318195758994,302.96483623369454,309.3174743652344,28181200.0
2023-05-06,Microsoft Corporation,305.8723334499599,310.04436306161034,303.56891200135186,308.65367635091144,25893666.666666668
2023-05-07,Microsoft Corporation,307.33603822299375,309.45690654732124,304.17298776900924,307.98987833658856,23606133.333333332
2023-05-08,Microsoft Corporation,308.7997429960276,308.8694500330322,304.77706353666656,307.3260803222656,21318600.0
2023-05-09,Microsoft Corporation,306.6788771439841,308.71013535801256,304.99612373131833,305.68316650390625,21340800.0
2023-05-10,Microsoft Corporation,307.2961929767788,311.6574101597319,306.35028616197326,310.9703674316406,30078000.0
2023-05-11,Microsoft Corporation,308.76984871365386,309.78546253900777,304.9463238346647,308.77978515625,31680200.0
2023-05-12,Microsoft Corporation,309.2179237796514,309.3175009199185,305.28488502585634,307.64471435546875,19758100.0
2023-05-13,Microsoft Corporation,308.73666839997236,309.0685719396629,305.61346497922005,307.8073425292969,18617566.666666668
2023-05-14,Microsoft Corporation,308.25541302029325,308.81964295940725,305.9420449325837,307.969970703125,17477033.333333332
2023-05-15,Microsoft Corporation,307.7741576406142,308.57071397915166,306.2706248859474,308.1325988769531,16336500.0
2023-05-16,Microsoft Corporation,308.50099068993256,312.3643525403203,308.50099068993256,310.4028015136719,26730300.0
2023-05-17,Microsoft Corporation,311.6302301486313,313.7656931124367,310.08348657812473,313.33660888671875,24315000.0
2023-05-18,Microsoft Corporation,313.86548539076944,318.36596677473517,313.057199129109,317.8470458984375,27276000.0
2023-05-19,Microsoft Corporation,316.0707937634649,318.076556855215,315.7015803581998,317.66741943359375,27529500.0
2023-05-20,Microsoft Corporation,316.68949534318176,319.35385759264005,316.2471031229736,318.6120910644531,26391566.666666668
2023-05-21,Microsoft Corporation,317.30819692289856,320.63115833006503,316.7926258877474,319.5567626953125,25253633.333333332
2023-05-22,Microsoft Corporation,317.9268985026154,321.90845906749007,317.3381486525212,320.5014343261719,24115700.0
2023-05-23,Microsoft Corporation,319.3538441572908,322.0381632015439,314.5839444883277,314.59393310546875,30797200.0
2023-05-24,Microsoft Corporation,314.06506582037065,315.83131529349237,311.9495192652871,313.1869201660156,23384900.0
2023-05-25,Microsoft Corporation,322.55705391204,326.2093247764874,319.3239090776214,325.2314147949219,43301700.0
2023-05-26,Microsoft Corporation,323.33542091436175,332.6956083404374,323.19573253275746,332.18670654296875,36630600.0
2023-05-27,Microsoft Corporation,326.132003079072,333.2793690943762,324.85221908921403,331.76758575439453,34848725.0
2023-05-28,Microsoft Corporation,328.9285852437822,333.863129848315,326.5087056456706,331.3484649658203,33066850.0
2023-05-29,Microsoft Corporation,331.72516740849244,334.44689060225375,328.16519220212723,330.9293441772461,31284975.0
2023-05-30,Microsoft Corporation,334.52174957320267,335.03065135619255,329.8216787585838,330.5102233886719,29503100.0
2023-05-31,Microsoft Corporation,331.5879515619021,335.23023381001576,326.6384090438557,327.6961975097656,45950600.0
2023-06-01,Microsoft Corporation,325.241375391409,332.8253243793421,324.0339403780473,331.8773193359375,26773900.0
2023-06-02,Microsoft Corporation,333.5438114918064,336.78694503660336,331.84739099482573,334.6913757324219,25864000.0
2023-06-03,Microsoft Corporation,333.8664660170562,337.1395350000247,332.5492475389699,334.8710021972656,24345033.333333332
2023-06-04,Microsoft Corporation,334.18912054230606,337.492124963446,333.2511040831141,335.0506286621094,22826066.666666668
2023-06-05,Microsoft Corporation,334.51177506755585,337.8447149268673,333.9529606272583,335.2302551269531,21307100.0
2023-06-06,Microsoft Corporation,334.6215139547864,334.66143797115524,331.46821708298506,332.9750061035156,20396200.0
2023-06-07,Microsoft Corporation,330.9492937735992,333.78328985272435,321.81863170876164,322.69677734375,40717100.0
2023-06-08,Microsoft Corporation,323.2555964697175,325.94990421152613,322.6668466497434,324.57281494140625,23277700.0
2023-06-09,Microsoft Corporation,324.30336355812733,329.29279974544266,323.72460235976354,326.0995788574219,22514900.0
2023-06-10,Microsoft Corporation,325.49750384353473,329.99465552367343,323.97407724613316,327.7826843261719,23096700.0
2023-06-11,Microsoft Corporation,326.69164412894213,330.69651130190414,324.22355213250285,329.4657897949219,23678500.0
2023-06-12,Microsoft Corporation,327.88578441434953,331.3983670801349,324.4730270188725,331.1488952636719,24260300.0
2023-06-13,Microsoft Corporation,333.76335263219465,336.2680593964995,329.6919860161042,333.583740234375,22951300.0
2023-06-14,Microsoft Corporation,333.6336270011477,338.3237093626871,332.10686069249385,336.6272888183594,26003800.0
2023-06-15,Microsoft Corporation,336.7670051079677,349.1008770841443,336.48759789193105,347.36456298828125,38899100.0
2023-06-16,Microsoft Corporation,350.5777468219982,350.72742381496835,341.2275484062125,341.6067199707031,46533600.0
2023-06-17,Microsoft Corporation,347.58159327592114,348.3848852255495,339.7082636344408,340.5389862060547,41494050.0
2023-06-18,Microsoft Corporation,344.5854397298441,346.0423466361307,338.18897886266905,339.47125244140625,36454500.0
2023-06-19,Microsoft Corporation,341.589286183767,343.6998080467119,336.66969409089734,338.4035186767578,31414950.0
2023-06-20,Microsoft Corporation,338.59313263768996,341.35726945729306,335.15040931912563,337.3357849121094,26375400.0
2023-06-21,Microsoft Corporation,335.65931574908313,337.01645818946224,331.3684129299585,332.8552551269531,25117800.0
2023-06-22,Microsoft Corporation,333.41409281699464,339.40141649153355,332.6357419574287,338.9922790527344,23556800.0
2023-06-23,Microsoft Corporation,333.65355508938256,337.2459551593805,332.7455045211022,334.3121643066406,23084700.0
2023-06-24,Microsoft Corporation,333.44068327575286,336.6305948991768,331.0956624420247,332.17669677734375,22563333.333333332
2023-06-25,Microsoft Corporation,333.22781146212316,336.01523463897314,329.44582036294725,330.0412292480469,22041966.666666668
2023-06-26,Microsoft Corporation,333.01493964849345,335.3998743787694,327.7959782838698,327.90576171875,21520600.0
2023-06-27,Microsoft Corporation,331.15886268738234,335.4398077044517,328.604273651623,333.8631591796875,24354100.0
2023-06-28,Microsoft Corporation,333.9529536205381,337.26594662786533,333.10474336009975,335.14044189453125,20259500.0
2023-06-29,Microsoft Corporation,334.0028240491651,335.3998600714379,331.9172434064326,334.34210205078125,16997000.0
2023-06-30,Microsoft Corporation,337.0364122220863,342.0059015948727,336.48758642635534,339.8205261230469,26823800.0
2023-07-01,Microsoft Corporation,337.51540359200555,341.39718941012484,336.278033134531,338.9723205566406,22052100.0
2023-07-02,Microsoft Corporation,337.99439496192474,340.788477225377,336.06847984270667,338.1241149902344,17280400.0
2023-07-03,Microsoft Corporation,338.473386331844,340.17976504062915,335.8589265508823,337.2759094238281,12508700.0
2023-07-04,Microsoft Corporation,336.4277155430609,340.553973955316,334.9408732510572,337.3557434082031,15340550.0
2023-07-05,Microsoft Corporation,334.38204475427784,340.9281828700029,334.0228199512321,337.4355773925781,18172400.0
2023-07-06,Microsoft Corporation,336.587366997466,342.265348050752,334.7911820766566,340.5489807128906,28161200.0
2023-07-07,Microsoft Corporation,338.60310714607516,341.06788985835874,336.288001429861,336.5075378417969,21185300.0
2023-07-08,Microsoft Corporation,337.0330958867414,338.8858423041375,333.15795899933363,334.71466064453125,25054000.0
2023-07-09,Microsoft Corporation,335.4630846274076,336.70379474991626,330.0279165688062,332.9217834472656,28922700.0
2023-07-10,Microsoft Corporation,333.8930733680739,334.521747195695,326.8978741382788,331.12890625,32791400.0
2023-07-11,Microsoft Corporation,330.3605534358315,332.15673832028784,326.3091336016736,331.767578125,26698200.0
2023-07-12,Microsoft Corporation,335.88884092916754,340.92815915771524,334.9608131327429,336.4875793457031,29995300.0
2023-07-13,Microsoft Corporation,338.8425787135145,343.01373994407413,338.303711093052,341.93603515625,20567200.0
2023-07-14,Microsoft Corporation,346.85563076281653,350.6875142057773,343.5825617519686,344.5105895996094,28302200.0
2023-07-15,Microsoft Corporation,346.220307214922,349.2106394675772,342.88071848479524,344.673583984375,25656100.0
2023-07-16,Microsoft Corporation,345.5849836670274,347.7337647293772,342.1788752176219,344.8365783691406,23010000.0
2023-07-17,Microsoft Corporation,344.9496601191329,346.2568899911771,341.4770319504485,344.99957275390625,20363900.0
2023-07-18,Microsoft Corporation,345.0993256028976,366.00507514670755,341.44708515833304,358.73046875,64872700.0
2023-07-19,Microsoft Corporation,360.985725051634,361.69421649653196,351.69539687217883,354.3298034667969,39732900.0
2023-07-20,Microsoft Corporation,352.82300276124084,357.21370057646925,344.6403151190998,346.13714599609375,33778400.0
2023-07-21,Microsoft Corporation,348.41233964034046,349.55990392804034,339.1120228307721,343.043701171875,69368900.0
2023-07-22,Microsoft Corporation,347.31466531327425,348.435623732473,339.93694429201406,343.4894205729167,55138633.333333336
2023-07-23,Microsoft Corporation,346.2169909862081,347.31134353690567,340.76186575325596,343.9351399739583,40908366.66666667
2023-07-24,Microsoft Corporation,345.1193166591419,346.18706334133833,341.5867872144979,344.380859375,26678100.0
2023-07-25,Microsoft Corporation,346.3766152674607,351.14654537204683,344.3409472828141,350.23846435546875,41637700.0
2023-07-26,Microsoft Corporation,340.71862557906644,343.94181236443984,332.4062077205621,337.0563659667969,58383700.0
2023-07-27,Microsoft Corporation,339.7606600042334,340.6088397996611,328.35478565410773,330.0212707519531,39635300.0
2023-07-28,Microsoft Corporation,332.96503871749144,339.29163997371046,332.46609511255525,337.65509033203125,28484900.0
2023-07-29,Microsoft Corporation,334.046087103506,338.52327155189306,332.52928916424867,336.8401590983073,27471933.333333332
2023-07-30,Microsoft Corporation,335.1271354895206,337.7549031300756,332.59248321594214,336.0252278645833,26458966.666666668
2023-07-31,Microsoft Corporation,336.20818387553516,336.9865347082582,332.65567726763555,335.2102966308594,25446000.0
2023-08-01,Microsoft Corporation,334.48183028259035,337.82475866589624,332.9949880227767,335.62939453125,18311900.0
2023-08-02,Microsoft Corporation,332.9251286769528,332.9251286769528,325.67046886667725,326.8080749511719,27761300.0
2023-08-03,Microsoft Corporation,325.3112394017374,329.1830467554568,325.26135722110666,325.9698486328125,18253700.0
2023-08-04,Microsoft Corporation,331.1788378660784,334.4319601684991,326.54862623433604,327.0874938964844,23727700.0
2023-08-05,Microsoft Corporation,330.0112994433127,333.09144806041854,326.6417549453813,327.8625081380208,21732300.0
2023-08-06,Microsoft Corporation,328.843761020547,331.750935952338,326.7348836564265,328.6375223795573,19736900.0
2023-08-07,Microsoft Corporation,327.67622259778125,330.4104238442575,326.8280123674718,329.41253662109375,17741500.0
2023-08-08,Microsoft Corporation,326.269195522624,328.05542216561844,322.3175706752692,325.3611145019531,22327600.0
2023-08-09,Microsoft Corporation,325.7802571185631,326.4188891335219,320.37169473466525,321.5492248535156,22373300.0
2023-08-10,Microsoft Corporation,325.3311790230579,327.56646709381016,320.5014085545754,322.2477111816406,20113700.0
2023-08-11,Microsoft Corporation,319.58337169233727,321.7288231305585,318.5355718366236,320.331787109375,24342600.0
2023-08-12,Microsoft Corporation,319.95925195247963,322.27766691958357,318.82496525741226,321.33966064453125,22507100.0
2023-08-13,Microsoft Corporation,320.335132212622,322.8265107086086,319.11435867820086,322.3475341796875,20671600.0
2023-08-14,Microsoft Corporation,320.71101247276437,323.3753544976337,319.4037520989895,323.35540771484375,18836100.0
2023-08-15,Microsoft Corporation,322.3175681928427,324.40314880324786,320.22199896536506,321.1799621582031,16966300.0
2023-08-16,Microsoft Corporation,320.79998779296875,324.4200134277344,319.79998779296875,320.3999938964844,20698900.0
2023-08-17,Microsoft Corporation,320.5400085449219,321.8699951171875,316.2099914550781,316.8800048828125,21257200.0
